이지원,37,수원시 영통구,여,1913-12-12,user5174@google.com,63.1,150.7
백승현,59,영월군,남,1960-12-30,user2237@daum.net,58.6,165.4
백영길,35,과천시,남,1976-02-04,user3951@google.com,53.6,152.1
김윤서,61,횡성군,남,1957-12-28,user2595@google.com,51.3,151.1
백성현,66,고양시 일산서구,남,1945-08-27,user9508@google.com,62.8,151.4
박주원,21,용인시 수지구,여,1926-04-17,user3456@daum.net,73.7,153.0
박수빈,48,용인시 수지구,남,1948-07-04,user5911@daum.net,62.9,156.9
장서윤,57,강릉시,남,1957-05-15,user7823@google.com,55.0,163.6
류재호,29,안산시 단원구,남,1917-03-10,user4495@daum.net,78.4,159.5
성옥자,37,서산시,남,1916-06-02,user3655@google.com,72.2,174.8
김영철,68,부천시 소사구,남,1935-11-15,user8306@naver.com,68.2,168.4
권지훈,75,옥천군,여,1908-09-21,user1452@naver.com,75.0,159.2
황현지,53,부여군,여,1959-03-29,user836@google.com,66.9,155.1
최영철,41,김포시,남,1961-01-17,user9354@google.com,55.7,164.3
김옥순,60,아산시,남,1923-03-02,user8595@google.com,58.3,175.1
이도현,25,예산군,남,1942-01-27,user529@google.com,75.0,177.6
황현주,68,청주시 서원구,여,1916-04-06,user629@daum.net,55.3,167.0
김현주,23,인제군,여,1992-10-06,user3182@naver.com,64.0,176.5
박영환,56,군포시,남,1918-11-27,user8441@daum.net,74.1,178.9
황현준,36,안양시 만안구,여,1956-03-23,user4236@daum.net,55.5,159.4
이정웅,34,인제군,남,1930-08-17,user2892@daum.net,74.4,155.1
김민서,33,고양시 일산서구,여,1980-02-02,user6952@google.com,66.6,161.2
이정웅,47,태백시,남,1936-01-22,user2315@google.com,67.8,156.5
김준혁,70,용인시,여,1936-02-03,user1838@google.com,53.1,177.2
안미숙,35,성남시 수정구,남,1985-09-08,user3442@google.com,73.9,173.9
우현준,78,가평군,남,1926-06-19,user6090@google.com,56.1,159.7
김지훈,73,청양군,남,1914-11-29,user5589@daum.net,70.9,176.7
이은서,21,청주시 상당구,여,1982-06-22,user1482@daum.net,79.5,153.7
윤지연,28,청주시 상당구,남,1918-03-09,user1135@naver.com,56.6,168.4
박지후,55,삼척시,남,1960-03-08,user5812@google.com,52.1,162.9
서정식,22,광주시,여,1984-06-12,user5551@google.com,58.2,162.0
최정순,78,여주시,남,1912-10-10,user2460@google.com,65.9,161.5
김병철,46,인제군,남,1914-12-02,user3789@daum.net,65.4,159.5
정영미,63,계룡시,남,1926-05-14,user8619@naver.com,64.2,155.4
우서현,73,당진시,여,1910-11-02,user6917@google.com,78.0,155.2
이성훈,38,포천시,여,1910-08-30,user3101@daum.net,78.9,177.7
김정순,80,속초시,남,1920-11-16,user3623@daum.net,71.9,161.5
최도윤,47,보령시,여,1921-12-09,user721@google.com,79.2,155.5
장옥순,76,계룡시,여,1923-03-05,user7038@daum.net,79.6,168.2
남미정,58,증평군,여,1911-06-26,user4338@daum.net,56.3,171.1
박성호,63,강릉시,여,1927-10-26,user1588@google.com,65.5,151.3
이재현,49,가평군,여,1911-12-08,user4848@google.com,63.7,165.7
김현준,59,천안시 동남구,남,1911-09-09,user5832@naver.com,58.1,155.0
박영미,48,오산시,여,1909-12-15,user432@daum.net,74.8,168.5
배지훈,45,안성시,남,1963-05-14,user2759@daum.net,55.3,178.9
허우진,50,이천시,남,1921-01-03,user3257@naver.com,73.4,150.6
이우진,65,태백시,남,1911-08-27,user191@daum.net,54.4,161.6
김수진,31,이천시,여,1989-08-28,user9098@naver.com,72.2,150.5
박현준,44,성남시 수정구,여,1966-09-29,user2870@naver.com,51.1,177.8
이지혜,71,평택시,여,1938-06-01,user9822@google.com,72.1,177.0
최유진,67,양평군,여,1909-10-06,user7838@daum.net,55.3,171.9
김정식,56,강릉시,여,1925-07-02,user4946@daum.net,70.9,177.5
황현숙,42,정선군,남,1927-08-25,user5929@daum.net,78.4,160.6
최경수,53,예산군,여,1941-06-25,user6881@naver.com,71.6,169.1
이민석,67,부천시 오정구,여,1930-10-10,user3024@daum.net,60.2,166.6
이성수,59,연천군,남,1941-07-15,user720@naver.com,61.1,163.0
이미정,26,김포시,여,1925-11-23,user7928@daum.net,62.7,165.6
최지현,42,서산시,여,1973-04-25,user5202@naver.com,54.0,156.5
이영자,24,이천시,여,1952-03-09,user1608@google.com,65.4,179.9
김예은,45,천안시 서북구,여,1967-06-11,user8181@google.com,53.8,150.8
전미경,38,서산시,여,1912-10-28,user8359@naver.com,62.1,175.4
박현준,50,양구군,여,1965-08-21,user4172@naver.com,63.5,176.8
신준혁,38,수원시,남,1927-02-21,user8580@naver.com,70.2,167.9
조상훈,37,천안시 동남구,남,1918-08-16,user456@daum.net,64.5,161.5
이정수,22,양주시,남,1918-10-23,user2721@naver.com,64.8,163.7
윤현숙,56,연천군,남,1930-03-10,user8563@naver.com,77.9,171.1
박정호,64,보은군,여,1913-05-01,user7774@daum.net,74.6,175.2
박예지,33,양구군,남,1974-01-28,user4639@daum.net,64.6,177.5
김춘자,55,화천군,여,1940-11-11,user4944@naver.com,65.9,155.1
차민서,59,안양시,남,1949-05-12,user5977@naver.com,50.2,168.0
김성수,41,증평군,남,1941-04-09,user448@daum.net,66.9,170.7
이채원,57,제천시,남,1920-12-14,user2357@daum.net,77.0,174.9
박정자,68,용인시,남,1932-03-27,user9788@google.com,75.2,174.2
윤서윤,56,평창군,남,1921-10-19,user9433@google.com,55.6,162.4
이영환,66,성남시 중원구,남,1930-03-01,user8457@daum.net,64.3,167.9
이정자,45,보령시,남,1945-04-10,user4325@daum.net,68.6,168.9
최은영,25,보은군,남,1967-09-13,user1731@naver.com,59.6,165.2
강성민,70,삼척시,남,1942-01-22,user2691@daum.net,67.6,164.4
김상훈,60,논산시,여,1909-09-16,user738@naver.com,61.5,161.9
한예준,35,청주시 흥덕구,남,1937-11-11,user1820@daum.net,76.8,153.2
김우진,71,음성군,남,1938-04-16,user7385@naver.com,74.4,167.8
지현준,57,청주시 서원구,남,1912-12-01,user9208@daum.net,54.2,178.1
이유진,43,고양시 일산동구,여,1964-02-17,user9728@daum.net,60.7,175.9
박상현,53,양평군,남,1940-09-25,user4473@google.com,75.3,161.8
김성훈,68,음성군,남,1925-10-16,user9491@google.com,79.9,158.1
박정식,49,음성군,남,1950-11-16,user9646@google.com,79.2,170.4
구예준,49,수원시 영통구,여,1909-03-22,user3063@naver.com,72.6,160.9
하정자,73,당진시,남,1923-07-17,user5139@daum.net,72.7,152.3
이정훈,73,계룡시,남,1909-10-13,user9161@naver.com,73.9,165.2
백경희,66,금산군,남,1932-01-06,user3748@daum.net,53.2,159.3
강지후,26,양주시,남,1936-11-06,user2444@naver.com,78.6,153.0
박정남,48,예산군,여,1912-08-12,user4944@google.com,76.8,150.2
송예진,69,강릉시,남,1939-06-18,user2569@daum.net,52.5,173.0
손성민,73,의정부시,남,1922-01-07,user3715@daum.net,76.8,155.4
박옥순,42,화천군,여,1912-12-17,user5854@daum.net,69.0,161.9
하진우,80,평택시,남,1931-04-02,user3985@google.com,75.9,159.6
백지우,71,시흥시,여,1946-05-20,user5471@google.com,57.2,164.6
고수진,30,연천군,여,1941-12-01,user9739@daum.net,52.7,163.1
송시우,48,수원시 장안구,남,1919-02-01,user7451@naver.com,60.5,174.4
박경자,74,과천시,여,1917-12-02,user7409@google.com,55.3,170.1
최지현,60,속초시,남,1946-03-17,user4167@google.com,78.0,172.3
고지혜,57,당진시,여,1950-11-13,user4241@google.com,51.1,163.2
박동현,47,광명시,여,1947-07-07,user2597@google.com,56.1,173.0
오성진,21,증평군,여,1914-06-01,user5866@naver.com,74.5,161.5
이예은,51,동해시,여,1917-02-23,user5581@naver.com,61.1,161.1
장상현,44,충주시,남,1956-05-19,user936@naver.com,77.9,157.5
이정웅,26,음성군,여,1949-09-25,user1597@naver.com,68.9,153.2
문미영,28,부천시,남,1926-02-13,user2876@naver.com,56.8,172.5
이상호,25,안양시 동안구,남,1960-09-15,user7387@google.com,55.9,163.2
황성호,48,김포시,남,1965-10-15,user5539@naver.com,63.4,161.2
김현숙,47,철원군,여,1919-09-09,user80@daum.net,67.0,156.2
김예준,60,동두천시,여,1910-01-17,user5520@naver.com,51.2,161.4
이수진,71,여주시,여,1916-07-31,user5485@daum.net,77.3,176.1
김예은,55,용인시 처인구,여,1908-08-07,user9224@google.com,52.3,157.8
고상현,66,부천시,남,1951-10-01,user8215@google.com,56.9,164.9
이경희,21,수원시 권선구,여,1916-02-23,user601@google.com,60.3,179.2
이성호,74,화성시,남,1910-07-08,user8317@daum.net,75.4,173.3
강종수,26,안양시 동안구,남,1930-05-02,user116@naver.com,69.5,177.5
박은지,20,수원시 팔달구,남,1936-12-02,user6035@naver.com,59.3,167.4
김경희,32,양주시,남,1973-12-12,user553@google.com,75.6,157.3
이옥순,34,공주시,남,1960-12-29,user8553@daum.net,72.5,178.2
서경희,26,수원시 영통구,남,1921-07-01,user8074@google.com,62.2,155.9
최지현,62,양주시,여,1956-12-15,user2079@naver.com,75.2,155.7
허재현,80,공주시,여,1934-12-27,user7992@google.com,53.9,159.7
홍미정,77,고양시 덕양구,여,1931-07-05,user1468@daum.net,70.6,153.0
이성수,25,용인시 수지구,여,1970-05-28,user2844@naver.com,77.6,152.6
김정숙,27,안양시,남,1949-12-27,user1508@daum.net,53.3,165.8
이지우,56,양평군,여,1914-11-27,user5702@naver.com,77.9,160.4
안미영,60,인제군,남,1941-01-07,user255@google.com,68.7,164.2
권민재,23,광명시,남,1981-10-11,user3280@google.com,76.4,168.2
안중수,74,공주시,여,1916-03-16,user2155@daum.net,64.5,160.5
이정웅,63,영월군,여,1920-10-02,user5208@google.com,53.7,174.2
임민지,21,청주시 청원구,여,1934-04-26,user1699@daum.net,63.8,153.4
장미숙,34,영월군,남,1914-11-02,user7677@daum.net,67.2,170.4
김수민,59,동두천시,여,1951-01-24,user9085@daum.net,58.6,167.5
김성민,31,연천군,여,1947-10-11,user9826@naver.com,69.0,171.6
김지아,42,횡성군,여,1975-08-23,user5502@google.com,77.5,170.0
서시우,33,홍천군,여,1951-07-30,user4482@google.com,56.6,173.8
한춘자,58,화성시,남,1951-02-16,user7949@daum.net,62.9,167.7
김경수,59,부천시 소사구,남,1963-08-08,user3102@daum.net,72.8,178.7
정영순,29,안산시,여,1913-11-13,user5513@naver.com,60.2,157.8
이민지,56,양구군,남,1915-05-18,user8656@google.com,57.1,155.7
이준혁,72,옥천군,여,1932-01-26,user3172@naver.com,60.7,177.3
홍민석,35,수원시 장안구,남,1944-01-01,user7424@naver.com,70.5,172.9
김명자,25,과천시,남,1973-09-14,user4144@daum.net,63.5,178.9
양지영,79,천안시 동남구,남,1931-11-29,user2289@google.com,52.8,165.8
안서윤,29,괴산군,여,1993-05-14,user6833@naver.com,51.2,156.2
김민재,50,당진시,남,1965-06-21,user7634@daum.net,77.6,173.8
최영순,28,천안시 서북구,남,1964-01-18,user4841@naver.com,68.3,161.7
우혜진,23,성남시 분당구,여,1998-06-20,user5068@google.com,55.9,179.3
이지후,52,성남시,여,1948-03-30,user1397@google.com,79.6,151.0
문순자,48,영월군,남,1949-03-11,user9172@daum.net,54.0,166.3
김미경,47,충주시,남,1976-08-16,user7994@naver.com,53.1,165.5
김영길,74,여주시,여,1947-12-02,user5296@google.com,68.6,158.3
이민수,66,안성시,여,1918-10-22,user1048@daum.net,76.3,150.2
이시우,39,인제군,남,1925-05-10,user2613@daum.net,53.2,174.1
황은서,52,부여군,여,1966-07-16,user4442@naver.com,54.5,168.7
이예지,63,수원시 팔달구,남,1958-05-19,user7606@daum.net,72.6,167.8
김현준,76,홍천군,여,1943-09-01,user5237@naver.com,76.0,162.3
권영환,43,영동군,여,1943-05-27,user4099@naver.com,61.8,154.7
손준영,50,양구군,남,1964-10-27,user3684@google.com,68.1,151.2
김지훈,44,영동군,남,1971-10-22,user2019@daum.net,62.6,151.1
정선영,57,평택시,남,1946-08-24,user2878@google.com,51.4,176.4
조현준,59,홍천군,여,1950-01-15,user4494@google.com,70.1,179.1
한옥순,80,충주시,여,1928-03-14,user6916@naver.com,77.9,150.9
장서윤,54,고양시 일산서구,남,1913-11-29,user8676@google.com,75.1,153.0
장현우,25,안산시,남,1959-10-16,user632@daum.net,58.9,171.8
황상현,36,부천시 원미구,여,1921-12-10,user4739@daum.net,68.0,156.6
박영숙,44,여주시,여,1975-03-31,user9732@google.com,73.5,167.5
이서영,29,하남시,남,1982-03-12,user1895@daum.net,51.1,170.8
이재호,44,김포시,남,1972-07-10,user6684@google.com,59.9,176.6
이경희,55,성남시,여,1911-09-18,user8450@google.com,79.0,152.9
이보람,25,수원시,여,1913-01-10,user490@naver.com,55.3,152.1
이지민,28,홍천군,여,1964-09-22,user663@daum.net,58.1,154.8
이건우,67,양평군,여,1923-08-17,user4932@daum.net,60.0,172.2
김준영,73,태백시,남,1910-03-17,user7957@google.com,57.2,160.7
노정순,42,안양시 만안구,남,1912-10-31,user6824@naver.com,78.6,173.2
성영환,77,광명시,남,1945-11-26,user8434@naver.com,68.3,158.0
이현지,77,안양시 동안구,여,1937-05-28,user7035@google.com,65.5,165.3
김예은,25,청주시 흥덕구,여,1971-11-04,user7728@daum.net,60.6,154.1
이정남,56,충주시,여,1943-01-08,user7880@google.com,64.1,156.3
강순자,31,횡성군,남,1985-07-03,user1011@google.com,57.0,158.7
김지은,64,부천시 오정구,여,1949-09-02,user4950@naver.com,72.7,166.6
황승현,31,포천시,남,1965-02-15,user613@naver.com,53.8,170.0
박정수,62,고양시 덕양구,여,1930-03-06,user2212@daum.net,76.8,177.3
윤지원,75,이천시,남,1934-10-12,user6323@naver.com,51.4,157.7
강영자,59,과천시,남,1930-07-15,user720@daum.net,62.8,165.2
윤지원,38,태백시,여,1951-09-17,user8536@daum.net,64.4,152.1
박영철,27,양양군,여,1982-10-06,user5664@naver.com,58.6,176.9
한민석,48,천안시 서북구,여,1968-09-28,user3543@naver.com,71.2,164.2
류은서,78,강릉시,남,1923-08-23,user8217@daum.net,77.7,163.3
김수빈,37,안양시,여,1974-10-27,user6153@google.com,73.3,171.8
강병철,62,춘천시,남,1912-10-23,user685@daum.net,55.6,177.7
황동현,22,포천시,여,1993-09-30,user6211@google.com,61.4,177.9
김은주,64,김포시,여,1918-03-01,user4231@daum.net,51.6,171.8
강지우,40,진천군,여,1975-02-24,user3084@daum.net,58.5,170.8
김영순,30,춘천시,여,1946-01-24,user9270@daum.net,76.3,163.3
강미영,58,부여군,여,1920-02-21,user8711@naver.com,62.7,174.6
유영숙,49,청주시 서원구,여,1952-08-04,user615@daum.net,79.3,168.0
윤영순,68,천안시 서북구,여,1908-06-10,user8458@daum.net,75.1,157.8
최재호,34,양구군,여,1948-05-27,user8910@google.com,76.4,154.0
고영환,56,하남시,남,1925-05-06,user400@google.com,66.7,171.7
황민지,44,서천군,남,1979-06-04,user8532@naver.com,74.2,165.6
유예지,22,파주시,여,1931-05-26,user6197@naver.com,52.4,161.0
권진호,27,성남시 분당구,여,1939-10-21,user4433@daum.net,76.2,175.0
안준호,27,부천시 오정구,남,1933-11-19,user7664@naver.com,56.0,159.6
유은주,55,괴산군,남,1940-07-23,user2456@google.com,73.5,163.8
김정순,29,고양시,여,1942-10-18,user6389@google.com,74.3,160.6
박재호,64,태백시,여,1952-10-30,user7291@google.com,70.2,155.8
이민지,22,포천시,남,1991-11-19,user4139@daum.net,75.6,177.7
최영호,57,남양주시,남,1946-04-21,user1841@google.com,51.4,175.2
최상현,42,홍성군,여,1947-08-18,user7090@naver.com,52.9,176.5
이은정,51,제천시,남,1913-02-03,user6412@google.com,67.3,175.6
김현숙,49,보은군,여,1974-09-01,user7911@naver.com,77.4,173.8
박정웅,58,청주시 상당구,여,1945-01-05,user5146@daum.net,70.6,155.4
김현정,42,부천시 소사구,여,1968-08-06,user1047@google.com,51.9,170.5
박준혁,39,평택시,남,1918-01-25,user3756@google.com,71.8,165.2
김상철,74,속초시,남,1942-08-28,user762@daum.net,69.7,164.8
이미영,65,영동군,여,1910-05-21,user1598@daum.net,71.6,157.4
김승현,21,청주시 상당구,남,1960-05-25,user4342@google.com,52.8,173.4
최서준,56,단양군,남,1916-03-27,user6813@naver.com,67.8,155.3
황정희,76,양평군,여,1934-09-22,user7822@naver.com,79.7,158.7
이예진,31,성남시 중원구,여,1976-08-07,user6224@google.com,78.1,171.1
김옥순,43,정선군,여,1949-07-04,user7235@google.com,52.0,169.9
김옥순,80,예산군,남,1919-05-13,user8281@google.com,54.5,158.5
강준서,44,정선군,여,1929-10-06,user9640@google.com,50.7,157.0
김서영,66,양주시,남,1931-10-04,user9402@naver.com,69.1,151.1
민승현,60,연천군,여,1944-12-04,user655@daum.net,64.5,157.3
이하윤,35,고양시,남,1980-04-27,user5074@daum.net,72.7,177.2
김진호,52,수원시 장안구,남,1932-07-06,user9298@naver.com,51.1,150.4
이지현,47,안산시 단원구,남,1914-01-06,user2903@google.com,68.8,174.4
차숙자,32,성남시 수정구,남,1951-05-26,user5261@google.com,58.3,164.9
박동현,63,평택시,남,1941-01-30,user8555@daum.net,76.0,180.0
임영호,35,태안군,여,1924-07-27,user9104@daum.net,54.6,170.3
김예지,35,성남시 중원구,여,1984-02-13,user685@google.com,55.0,172.7
황지은,55,용인시 처인구,남,1939-01-12,user4372@daum.net,77.9,163.2
홍현우,31,포천시,여,1963-01-30,user5068@naver.com,58.6,160.9
이승현,49,아산시,남,1928-11-12,user1016@naver.com,69.1,177.4
이정웅,73,과천시,여,1935-08-25,user4234@naver.com,52.8,150.9
이경수,37,고양시 일산서구,여,1931-02-10,user2310@daum.net,54.8,164.1
김정남,74,철원군,여,1910-09-04,user5528@daum.net,50.0,165.0
김영순,64,천안시 서북구,여,1952-05-19,user3296@google.com,74.0,171.1
송지연,32,고양시 일산서구,남,1926-12-23,user3583@naver.com,53.0,168.6
김수민,73,구리시,남,1933-12-10,user81@naver.com,72.9,170.4
김순자,44,화성시,여,1949-04-08,user3866@google.com,63.3,167.5
우상호,64,평창군,여,1943-07-09,user8187@daum.net,68.3,162.6
민지연,38,부여군,여,1964-11-07,user3372@naver.com,71.5,159.5
최영식,72,고양시,여,1908-07-17,user1370@daum.net,72.3,160.3
이옥순,36,고양시,남,1973-08-28,user8384@daum.net,55.4,171.6
서성훈,26,오산시,여,1926-09-27,user858@google.com,56.4,163.8
권선영,38,청양군,남,1976-05-27,user2997@daum.net,62.0,176.2
윤영진,38,의왕시,남,1970-06-02,user3785@naver.com,51.8,179.9
이진우,55,남양주시,여,1951-02-02,user6436@daum.net,60.7,165.2
김지원,27,용인시 처인구,남,1908-05-13,user7948@google.com,75.3,156.6
박정수,24,청주시 흥덕구,여,1914-05-11,user957@daum.net,63.2,163.2
김옥자,39,영동군,남,1909-03-15,user8211@naver.com,76.6,150.8
이하윤,75,고양시 덕양구,여,1942-06-07,user7043@google.com,60.8,166.7
윤은영,21,연천군,여,1918-01-17,user9214@naver.com,79.6,151.3
허준혁,41,횡성군,남,1919-04-15,user5216@daum.net,74.8,157.6
이혜진,53,남양주시,여,1942-12-13,user2204@daum.net,75.4,154.7
손현주,44,고양시 덕양구,여,1944-12-08,user8556@google.com,62.6,154.9
노하윤,39,논산시,남,1917-04-27,user4408@daum.net,77.9,164.0
김영길,37,광명시,여,1959-03-16,user7207@daum.net,66.0,172.9
박성훈,36,철원군,여,1916-12-17,user7786@naver.com,66.7,171.4
최정호,34,삼척시,남,1909-03-15,user8245@naver.com,67.1,171.6
이은주,57,의정부시,남,1921-06-21,user7330@naver.com,50.8,155.9
이지은,35,안양시 만안구,남,1956-12-25,user9586@daum.net,57.8,165.2
김경수,53,서천군,여,1919-12-18,user7299@naver.com,72.6,163.7
고동현,69,홍천군,남,1917-12-16,user4821@google.com,61.4,169.0
김민서,24,천안시 서북구,여,1973-07-12,user1297@daum.net,59.7,151.6
민윤서,75,음성군,여,1931-09-18,user2083@daum.net,63.7,168.4
문하윤,80,고양시 일산서구,남,1920-03-19,user933@naver.com,61.7,174.6
이명자,27,철원군,남,1927-05-26,user290@naver.com,70.9,171.7
김상철,32,강릉시,남,1960-10-04,user8096@naver.com,70.0,166.3
김민석,44,예산군,남,1966-06-04,user4720@daum.net,65.7,163.1
이수진,24,남양주시,여,1967-08-18,user5348@daum.net,73.0,152.7
김은지,54,옥천군,여,1950-12-18,user3373@google.com,61.4,159.1
이은영,51,보령시,여,1944-09-08,user1997@daum.net,73.2,172.2
김상현,56,괴산군,여,1945-04-04,user8331@naver.com,71.0,152.7
박종수,39,음성군,여,1925-12-22,user7066@daum.net,58.5,164.0
이영일,42,태안군,남,1937-04-26,user7100@naver.com,57.1,156.9
김성호,53,원주시,여,1923-08-27,user605@daum.net,52.1,155.0
강정순,61,파주시,남,1909-07-08,user6331@naver.com,72.1,171.1
권재호,69,음성군,여,1945-12-03,user9762@daum.net,69.1,163.2
이종수,23,안산시 단원구,여,1979-05-30,user2351@naver.com,76.0,170.6
이동현,37,이천시,여,1974-12-12,user2372@google.com,79.9,163.1
안서준,71,안산시,남,1952-09-11,user6333@naver.com,69.5,173.2
류민지,63,하남시,여,1929-10-08,user8877@google.com,50.7,171.3
최서연,68,춘천시,남,1923-10-30,user9040@naver.com,53.5,163.2
이경숙,69,양양군,남,1920-12-16,user6385@naver.com,65.9,177.2
강수빈,65,예산군,남,1926-04-24,user684@google.com,63.8,157.6
강예원,75,부천시,여,1940-02-21,user7277@naver.com,63.8,155.4
황미경,73,고양시 일산동구,여,1922-12-30,user7205@naver.com,78.4,170.2
이성현,76,수원시 영통구,여,1926-05-17,user1656@naver.com,79.3,152.8
김주원,30,수원시 팔달구,여,1914-06-30,user3084@google.com,65.2,159.9
박은주,36,광주시,남,1959-01-23,user3763@naver.com,72.7,176.4
김경수,39,서천군,여,1952-03-24,user9740@daum.net,70.0,160.8
윤동현,75,수원시,남,1912-07-08,user4930@daum.net,54.6,172.6
이채원,25,고양시,여,1977-06-01,user4198@google.com,50.1,153.1
최서현,65,청주시 흥덕구,여,1953-10-12,user6742@google.com,56.5,167.9
김예준,63,청주시 흥덕구,여,1913-10-24,user6139@naver.com,64.5,151.2
김민수,47,부천시,남,1930-02-15,user8821@google.com,56.7,172.9
이도현,54,안양시,여,1910-12-05,user997@google.com,65.2,175.5
김현숙,41,안산시 단원구,여,1952-04-03,user7739@google.com,69.2,177.4
이은정,37,과천시,여,1933-11-03,user5156@google.com,64.3,157.1
김우진,67,천안시 서북구,여,1936-12-02,user4461@google.com,57.9,160.3
이정웅,68,여주시,여,1928-09-29,user5176@daum.net,75.8,174.3
안진호,77,괴산군,남,1917-05-01,user1496@google.com,68.6,175.2
허현주,49,연천군,남,1969-09-09,user7590@google.com,61.9,152.6
이지원,38,홍성군,남,1964-01-16,user8703@naver.com,65.0,175.7
김은영,47,양주시,여,1936-02-22,user435@daum.net,60.3,152.1
장서준,56,의정부시,남,1955-12-14,user7232@google.com,63.2,175.7
김성호,67,태백시,남,1925-06-27,user9265@naver.com,75.5,160.5
김경수,49,성남시 수정구,남,1948-11-27,user6614@naver.com,56.6,168.7
김서윤,78,청양군,여,1908-02-14,user5248@naver.com,70.9,172.2
박상현,25,청주시 흥덕구,여,1943-06-30,user1133@naver.com,58.7,178.1
배예준,34,광명시,남,1927-11-08,user1404@naver.com,58.3,163.4
심영환,80,보령시,남,1908-06-29,user7339@google.com,66.6,153.0
문영희,37,괴산군,남,1960-04-22,user2845@daum.net,52.7,165.5
박은정,62,안성시,여,1919-11-02,user4296@daum.net,58.7,152.7
지정식,60,증평군,여,1944-05-02,user8281@naver.com,52.2,155.1
정은서,53,태백시,남,1936-12-31,user127@google.com,53.3,164.6
김성민,34,천안시 서북구,남,1948-12-11,user9420@naver.com,59.9,159.4
김승현,73,천안시 서북구,남,1915-07-16,user8170@daum.net,58.1,157.7
김민석,40,오산시,여,1911-05-20,user309@google.com,73.5,164.0
안채원,25,안산시 상록구,남,1977-08-29,user9716@google.com,74.8,156.7
김현주,35,안산시,여,1929-09-13,user5898@naver.com,74.9,179.0
김영희,76,영동군,남,1945-08-05,user5815@daum.net,61.9,174.8
이영일,49,시흥시,남,1964-08-03,user2349@google.com,52.9,171.6
이정숙,31,삼척시,남,1911-06-07,user6923@naver.com,61.5,171.7
최보람,43,성남시,남,1942-06-14,user7145@google.com,50.7,160.9
강춘자,45,철원군,여,1939-10-21,user5036@naver.com,76.5,153.1
이영수,29,예산군,남,1921-05-24,user4362@daum.net,55.0,156.8
김서연,46,가평군,여,1959-12-09,user1165@google.com,57.7,166.1
최현숙,61,춘천시,남,1918-08-20,user3361@daum.net,68.5,171.3
문재현,50,용인시 처인구,남,1929-04-18,user5847@google.com,63.4,168.1
김지영,48,수원시 권선구,남,1932-12-12,user8934@google.com,59.6,172.0
김윤서,57,부천시,여,1965-11-17,user486@daum.net,50.1,158.9
이상철,42,청주시 서원구,여,1968-09-08,user9054@google.com,78.8,172.8
백준혁,69,부여군,여,1926-02-28,user5906@daum.net,55.3,174.6
이상호,56,춘천시,남,1915-05-08,user5279@daum.net,51.9,175.2
이옥자,47,수원시 권선구,여,1924-12-21,user3032@naver.com,69.5,151.2
성춘자,69,성남시 수정구,여,1919-11-01,user5049@google.com,60.9,167.1
홍준영,61,괴산군,남,1910-12-29,user9831@daum.net,53.9,176.5
안경수,44,당진시,남,1913-07-17,user8870@naver.com,52.7,161.2
조중수,77,청주시 서원구,여,1912-12-15,user8740@naver.com,58.9,174.6
최정자,46,안양시 동안구,여,1941-08-05,user8440@google.com,71.9,177.2
이현지,20,천안시 서북구,남,1930-07-11,user54@google.com,61.9,157.9
김준서,23,천안시 동남구,남,1908-03-05,user2859@google.com,79.2,170.5
김윤서,24,수원시,남,1917-09-18,user6228@naver.com,56.8,161.5
한현정,46,금산군,여,1971-02-21,user3481@google.com,54.1,154.1
이은경,67,청주시 상당구,여,1914-11-06,user664@naver.com,70.7,174.0
이정호,64,안성시,남,1917-11-08,user4180@daum.net,56.7,165.6
백지후,76,평창군,여,1931-12-24,user4686@daum.net,55.7,173.5
최수민,35,증평군,여,1961-05-01,user5725@naver.com,54.2,156.8
이현우,72,예산군,여,1919-04-24,user7113@google.com,75.7,168.0
김도현,42,부천시 원미구,여,1939-09-12,user5485@naver.com,77.4,157.5
김성훈,35,의정부시,남,1925-10-22,user9845@naver.com,53.1,154.5
이준혁,35,논산시,여,1938-01-20,user3774@naver.com,59.4,154.6
유도현,29,수원시,남,1993-08-11,user8764@daum.net,59.9,158.8
김서준,44,태안군,남,1927-12-04,user3684@google.com,69.9,176.3
윤우진,27,연천군,여,1957-06-16,user5132@naver.com,51.4,171.4
류성훈,36,청주시 청원구,남,1958-10-30,user2924@daum.net,61.1,178.0
김영일,49,동두천시,남,1926-11-28,user3414@daum.net,65.1,174.6
이병철,29,양양군,남,1959-04-25,user8604@google.com,77.3,173.2
박은경,70,속초시,남,1947-05-24,user1977@daum.net,74.4,155.2
안정수,75,정선군,남,1914-06-26,user3323@google.com,64.7,165.5
류민석,50,평창군,남,1962-05-26,user7044@daum.net,67.7,156.0
이정순,75,계룡시,여,1946-08-06,user5643@daum.net,66.9,159.5
박지영,44,부여군,여,1964-08-19,user1616@naver.com,50.5,168.8
배은영,63,보령시,여,1956-05-12,user9244@google.com,66.6,168.3
황은정,71,영월군,여,1923-07-28,user4835@google.com,74.3,165.1
하영미,68,춘천시,남,1943-08-22,user1476@naver.com,51.8,175.0
김예은,31,광명시,여,1957-09-25,user6365@google.com,69.8,166.1
윤영식,39,성남시 중원구,여,1909-09-22,user7072@google.com,75.4,164.1
김정식,49,광명시,남,1950-10-31,user9749@daum.net,76.1,165.1
김지원,40,안양시,남,1934-07-24,user6828@google.com,54.2,175.7
강현정,34,아산시,여,1941-07-30,user1906@google.com,55.9,172.8
서성수,27,춘천시,여,1991-08-28,user3165@google.com,73.1,153.0
이준서,71,속초시,여,1911-01-19,user1172@google.com,67.4,168.3
장유진,55,금산군,남,1944-05-25,user3124@naver.com,53.2,175.2
류정수,68,양평군,남,1916-03-31,user568@daum.net,50.2,156.0
장진우,42,성남시,여,1925-11-17,user9565@daum.net,63.5,163.8
김진우,67,포천시,남,1947-09-08,user8372@google.com,69.4,176.8
지준서,22,성남시 중원구,남,1913-09-23,user6460@daum.net,60.6,166.7
양상철,26,아산시,남,1950-03-30,user7809@google.com,79.0,179.4
이하윤,65,양양군,여,1941-05-27,user8262@google.com,53.2,159.0
강민준,79,고양시 일산동구,남,1929-10-25,user5466@naver.com,78.9,163.1
이예은,64,용인시 수지구,남,1931-06-02,user160@naver.com,74.6,176.4
강은주,43,성남시,여,1938-11-25,user6720@google.com,68.8,168.1
김채원,75,안산시,여,1915-04-10,user4864@google.com,73.1,155.0
이은경,67,안산시,여,1939-07-25,user4669@daum.net,68.0,159.2
장민준,38,계룡시,남,1943-06-24,user5780@daum.net,65.6,172.8
최현숙,49,양양군,여,1930-09-19,user4501@daum.net,68.5,158.8
김영수,76,천안시 서북구,남,1936-04-17,user9279@daum.net,51.8,154.9
김지훈,75,홍천군,여,1936-03-18,user610@daum.net,77.7,173.1
백영호,57,인제군,여,1928-01-16,user6531@naver.com,74.8,164.6
안지현,59,안양시 만안구,여,1916-03-23,user421@daum.net,68.4,157.9
김춘자,58,영월군,남,1914-10-02,user4752@google.com,57.1,171.3
박예지,50,수원시 팔달구,남,1961-05-24,user9756@google.com,78.3,172.5
이선영,80,수원시,여,1937-06-09,user8925@daum.net,59.5,173.1
문지우,32,안산시 단원구,남,1982-05-02,user3093@daum.net,61.0,173.6
김지훈,37,고양시 일산동구,여,1948-12-25,user1121@google.com,71.8,167.9
박성진,50,수원시 권선구,남,1952-12-26,user3883@google.com,67.7,177.2
홍옥자,37,평창군,남,1955-05-01,user3714@naver.com,54.7,160.3
장시우,61,김포시,여,1915-07-19,user5840@google.com,58.6,161.5
박지영,68,평택시,남,1952-08-13,user7949@daum.net,55.0,156.0
김지연,60,양주시,남,1938-07-12,user9984@google.com,68.4,152.5
윤도윤,25,금산군,여,1971-12-31,user6593@naver.com,54.0,152.1
윤지은,43,계룡시,남,1937-02-08,user8897@naver.com,58.8,167.4
김하윤,66,철원군,여,1954-08-29,user9693@naver.com,72.5,169.2
김혜진,24,가평군,여,1909-12-25,user8464@google.com,72.3,163.8
김영진,44,포천시,남,1916-12-23,user3243@naver.com,67.4,153.0
손상호,29,파주시,남,1971-07-24,user8636@daum.net,76.0,167.5
허경수,76,논산시,여,1932-05-17,user5885@naver.com,63.2,179.9
최순자,36,정선군,남,1976-12-02,user3617@google.com,78.1,173.4
박은지,24,안산시 상록구,여,1960-12-13,user6@naver.com,64.2,157.6
김우진,80,수원시 팔달구,여,1924-12-06,user1646@naver.com,71.7,166.0
장민재,29,보령시,여,1922-08-26,user6057@daum.net,66.5,160.6
임수민,47,파주시,남,1913-09-19,user9403@daum.net,57.7,171.6
성수빈,34,남양주시,여,1957-08-16,user2455@naver.com,60.0,173.8
박중수,47,안산시,여,1945-12-30,user5606@naver.com,56.3,172.8
김준호,75,부여군,여,1922-05-25,user9091@naver.com,72.9,179.1
서은주,65,부여군,여,1912-04-03,user686@naver.com,66.2,151.5
최예진,76,예산군,여,1937-04-19,user2270@google.com,62.0,178.9
심영자,35,연천군,여,1924-03-10,user5467@daum.net,76.4,173.8
배재현,55,청양군,여,1919-03-25,user4773@google.com,71.0,150.9
박은지,21,안양시 동안구,남,1936-01-11,user2762@daum.net,79.8,162.9
오수빈,40,영동군,여,1948-04-19,user7607@daum.net,62.7,169.3
이상훈,80,안성시,여,1908-07-16,user3119@daum.net,56.3,167.4
최은서,80,안산시 상록구,남,1939-12-20,user8510@naver.com,61.0,164.1
황정남,25,음성군,남,1933-10-23,user5896@daum.net,73.2,157.3
배경숙,41,속초시,여,1914-09-09,user6116@daum.net,65.2,175.9
최지훈,59,여주시,여,1922-03-13,user385@google.com,72.0,166.4
안도윤,49,부천시 오정구,남,1967-07-16,user5858@daum.net,59.7,151.6
박민수,51,고양시 덕양구,여,1971-10-11,user6877@daum.net,68.6,169.0
김서윤,61,과천시,남,1926-09-24,user5246@google.com,68.3,167.0
김현우,51,성남시,남,1947-10-08,user4571@google.com,56.4,172.1
박유진,74,평창군,남,1943-07-05,user8256@daum.net,69.1,155.2
김재호,45,남양주시,남,1925-01-06,user8708@naver.com,68.3,158.9
이진우,63,광명시,여,1914-02-10,user3831@daum.net,64.6,174.0
이미숙,30,옥천군,여,1967-04-24,user412@google.com,66.1,172.9
이영순,49,과천시,남,1916-01-08,user1711@naver.com,66.5,177.5
송민지,26,속초시,여,1944-03-05,user5142@daum.net,77.1,170.2
김성수,49,의정부시,여,1961-07-11,user2385@google.com,51.6,169.4
최병철,50,보은군,남,1965-02-10,user1811@naver.com,65.8,165.8
김정남,65,부천시,남,1931-09-17,user8806@daum.net,68.5,157.5
황숙자,36,광명시,남,1926-06-07,user1767@google.com,52.8,169.0
이종수,80,공주시,여,1915-01-07,user6173@daum.net,77.3,178.8
이민서,38,오산시,여,1971-06-21,user1173@google.com,56.8,172.3
이예진,61,양구군,여,1930-04-29,user7277@naver.com,65.6,160.6
양정남,27,청주시 상당구,여,1996-10-25,user2312@google.com,54.6,161.8
구민서,76,괴산군,남,1917-01-30,user2416@naver.com,75.0,174.7
민동현,74,보은군,남,1931-01-29,user2115@naver.com,69.4,159.2
이지현,78,충주시,남,1922-06-23,user1901@daum.net,62.4,167.7
조옥자,28,안양시,여,1956-08-30,user2850@naver.com,76.0,154.1
오정수,50,원주시,남,1968-10-23,user1641@naver.com,50.7,155.2
하재현,75,안성시,남,1940-12-12,user6162@naver.com,73.4,154.4
한중수,31,하남시,여,1914-06-17,user8541@daum.net,57.6,165.5
이도윤,45,성남시 중원구,여,1959-12-13,user8918@naver.com,56.9,173.0
송영식,68,홍천군,여,1941-08-05,user9162@google.com,56.3,152.5
김정숙,66,논산시,여,1930-04-07,user5044@daum.net,77.0,155.7
김예원,61,평택시,여,1908-03-24,user856@naver.com,75.4,150.3
김정숙,20,용인시 처인구,남,1982-12-08,user4080@naver.com,54.8,159.0
이지아,74,금산군,여,1908-05-09,user7724@naver.com,52.4,175.0
이지훈,55,진천군,남,1967-06-06,user8260@google.com,55.1,166.8
최진우,24,속초시,남,1934-09-03,user3431@naver.com,57.9,174.5
양현준,75,광주시,여,1920-09-24,user3901@daum.net,52.8,158.7
박정희,59,성남시 수정구,남,1941-09-20,user9944@google.com,52.3,172.3
문건우,76,수원시,남,1928-12-26,user6081@daum.net,69.4,152.7
배영미,49,수원시 팔달구,여,1928-04-08,user5461@google.com,51.0,153.5
손병철,77,수원시,남,1920-09-14,user6542@naver.com,76.0,164.4
양지혜,66,용인시 기흥구,남,1922-04-15,user1128@daum.net,56.0,168.9
최수민,38,서산시,남,1911-01-07,user7430@google.com,72.9,171.8
박정웅,53,여주시,남,1922-06-30,user1573@naver.com,58.3,162.4
장민준,23,양구군,남,1951-06-27,user3891@google.com,54.6,176.5
우미숙,42,부천시 소사구,남,1955-10-10,user3901@google.com,66.8,154.9
김보람,66,고양시 일산동구,여,1917-01-27,user6632@google.com,75.3,158.1
장영철,24,고성군,남,1955-08-06,user9641@daum.net,59.4,174.8
김영길,28,청주시 흥덕구,여,1933-08-25,user2536@daum.net,68.4,168.2
나상훈,50,이천시,남,1913-01-22,user5134@naver.com,59.0,162.0
김지원,53,광명시,남,1959-04-17,user7942@naver.com,68.0,172.6
류정훈,55,진천군,여,1911-06-29,user273@naver.com,62.9,155.5
허서윤,78,안성시,남,1910-10-14,user3922@naver.com,66.2,166.5
박명숙,36,군포시,여,1924-03-11,user630@naver.com,76.0,179.4
박재현,39,성남시 수정구,남,1962-12-16,user8781@google.com,61.7,150.6
이상현,38,남양주시,남,1939-03-24,user4041@daum.net,56.2,163.5
김성현,76,아산시,여,1908-03-05,user4483@google.com,57.7,169.2
김재호,52,충주시,남,1937-04-21,user5671@naver.com,52.7,179.3
장민석,58,홍천군,남,1912-04-29,user4802@daum.net,62.9,162.3
김수진,56,안양시 동안구,여,1918-03-31,user4414@google.com,56.1,153.6
김승현,44,안양시,남,1932-06-19,user1844@naver.com,71.6,180.0
한숙자,74,용인시,여,1915-10-31,user2231@naver.com,61.1,174.7
박은서,43,성남시,남,1926-01-01,user2471@google.com,70.4,169.3
권영진,32,평택시,여,1973-03-08,user3988@google.com,65.7,150.6
김보람,76,성남시,남,1921-11-10,user2421@google.com,65.1,173.2
박정자,77,진천군,여,1926-06-08,user6648@naver.com,54.1,164.3
민현우,67,정선군,남,1948-12-02,user4957@naver.com,53.9,167.0
우영숙,76,청주시 흥덕구,여,1912-09-04,user9925@naver.com,53.9,152.6
허준영,43,안산시 상록구,여,1974-10-19,user4498@daum.net,68.7,164.2
장유진,63,안양시,여,1926-09-24,user7079@naver.com,73.6,154.7
김순자,75,안산시,여,1932-01-14,user2021@naver.com,63.9,171.2
박서영,59,수원시 영통구,남,1941-12-31,user5513@daum.net,60.9,162.5
윤정호,26,천안시 동남구,여,1960-10-22,user8478@daum.net,58.9,166.4
백현준,37,당진시,남,1962-07-10,user5685@naver.com,69.6,160.2
이정순,52,공주시,여,1931-01-21,user7132@google.com,67.8,168.5
이지우,47,청양군,여,1914-08-06,user5477@google.com,61.9,158.4
고정남,37,안산시 상록구,여,1908-08-09,user7107@google.com,57.8,177.1
김은정,26,하남시,남,1915-10-29,user3533@google.com,71.6,169.8
고상철,43,포천시,여,1918-09-28,user9903@naver.com,59.4,173.8
임서현,64,군포시,남,1918-09-22,user7950@daum.net,67.5,156.4
오순옥,70,의왕시,여,1950-04-25,user5731@daum.net,54.7,154.0
허아름,58,구리시,여,1960-07-06,user6441@naver.com,68.8,171.5
이정숙,32,남양주시,여,1928-10-30,user8907@naver.com,77.1,166.9
김경희,68,화성시,여,1916-08-10,user6028@daum.net,75.4,163.4
김민수,31,춘천시,남,1963-08-22,user9527@google.com,79.0,165.6
윤옥순,54,파주시,남,1921-12-16,user6168@google.com,63.9,170.8
김준호,67,성남시 중원구,여,1956-04-08,user6518@naver.com,56.0,176.5
이상훈,52,양구군,남,1955-04-16,user1173@daum.net,67.8,179.7
서시우,79,동두천시,여,1928-12-18,user8271@daum.net,74.5,166.2
문은지,25,양구군,여,1959-12-03,user2177@daum.net,75.8,162.4
이정남,61,수원시 권선구,남,1958-06-05,user3980@naver.com,75.2,162.4
정지현,57,성남시 중원구,남,1918-12-29,user1730@naver.com,76.9,165.4
김수빈,44,공주시,남,1979-08-03,user2027@google.com,74.6,170.5
장은주,52,화성시,여,1908-11-25,user3570@naver.com,56.1,161.6
권진호,26,부천시 원미구,여,1985-08-14,user994@google.com,59.4,166.6
류수진,78,파주시,여,1908-08-09,user5329@daum.net,50.9,174.2
노성수,54,원주시,남,1934-04-03,user2513@daum.net,59.6,170.4
김민수,76,청주시 흥덕구,남,1942-03-18,user5688@daum.net,68.6,152.9
이은지,37,춘천시,여,1979-12-12,user7738@naver.com,51.4,166.2
김중수,29,부천시,남,1987-01-03,user9042@naver.com,64.8,160.6
이지후,68,청주시 청원구,여,1914-08-02,user5154@naver.com,51.4,172.4
문선영,43,양주시,여,1917-05-26,user930@google.com,57.6,154.4
송진우,64,평창군,여,1937-12-18,user4800@daum.net,67.6,172.3
고지연,23,가평군,남,1921-02-16,user5850@google.com,50.4,160.8
김순자,67,안산시,남,1936-04-14,user3356@google.com,68.2,163.4
한상호,24,음성군,여,1961-05-30,user2081@naver.com,79.4,175.8
박영순,51,과천시,남,1937-10-20,user4769@naver.com,74.2,155.5
이영수,50,양주시,남,1955-08-21,user2971@daum.net,75.5,151.0
김춘자,58,시흥시,남,1953-12-07,user3153@naver.com,70.7,177.5
김영희,45,당진시,남,1914-07-10,user4401@daum.net,60.0,167.2
이지민,42,양양군,여,1974-02-11,user5618@google.com,50.3,158.3
송현주,48,구리시,남,1928-07-10,user4211@daum.net,56.0,158.6
이민지,61,용인시 기흥구,남,1917-03-23,user3370@daum.net,57.3,167.9
민지은,77,광주시,여,1916-12-12,user2530@naver.com,75.2,156.6
류정순,80,서산시,남,1912-10-19,user9086@naver.com,51.2,156.2
김상현,50,의왕시,남,1914-09-08,user9870@daum.net,59.3,153.7
장은서,46,화천군,남,1975-05-28,user9420@google.com,76.8,179.7
김상호,29,태안군,남,1966-04-12,user4735@google.com,71.8,176.3
이선영,38,안산시 단원구,여,1937-12-06,user1914@daum.net,64.1,171.6
곽우진,70,당진시,여,1923-09-13,user1260@google.com,78.2,165.7
배지민,55,음성군,여,1931-09-29,user3130@daum.net,56.3,154.0
장은영,23,양주시,여,1909-09-04,user8566@naver.com,52.6,174.7
김혜진,38,청양군,여,1969-01-30,user6079@google.com,76.2,175.1
박주원,63,고양시 일산서구,남,1912-05-24,user8421@daum.net,63.9,168.3
김미정,28,용인시 수지구,여,1985-01-11,user5037@daum.net,68.2,160.9
김예원,62,파주시,남,1909-01-08,user8549@google.com,58.3,159.4
이정웅,61,안산시 상록구,남,1953-03-16,user9135@naver.com,77.7,172.0
최영숙,47,청주시 청원구,여,1934-07-04,user1829@daum.net,62.7,154.6
김정호,50,청주시 상당구,여,1937-03-29,user7009@daum.net,59.8,160.5
최지영,53,용인시 처인구,남,1924-09-19,user2634@naver.com,55.4,161.5
김상철,59,군포시,여,1923-07-06,user4546@google.com,60.5,158.8
최숙자,50,연천군,여,1932-05-24,user909@google.com,57.2,157.3
김종수,52,용인시 기흥구,여,1909-06-02,user5069@daum.net,61.1,158.5
권승민,48,김포시,남,1935-01-19,user8198@naver.com,54.0,169.9
윤영희,69,용인시 기흥구,여,1914-11-10,user2229@google.com,78.7,178.6
조민재,53,정선군,남,1966-04-10,user2728@daum.net,57.0,160.9
김현우,76,삼척시,여,1938-05-06,user2617@daum.net,52.1,158.4
서준영,63,이천시,여,1938-05-16,user2377@daum.net,59.1,175.8
이민재,31,오산시,여,1974-06-29,user755@daum.net,73.8,171.3
김아름,58,천안시 서북구,남,1955-09-11,user28@naver.com,62.3,172.6
강주원,22,부여군,여,1962-03-25,user6882@naver.com,79.0,155.6
김상호,62,춘천시,여,1932-05-12,user7413@daum.net,58.6,152.9
양정수,48,보은군,여,1952-02-27,user3173@daum.net,63.6,157.5
이수민,26,정선군,남,1980-02-13,user6052@naver.com,62.5,158.0
이우진,43,용인시,여,1975-02-04,user7685@naver.com,72.5,155.0
김성진,51,옥천군,남,1946-03-06,user5139@daum.net,62.9,177.5
이옥자,50,광주시,남,1922-02-16,user6143@naver.com,52.9,162.9
이지원,31,남양주시,남,1970-06-30,user5415@daum.net,50.9,155.2
한민지,59,고양시,남,1953-05-12,user2470@google.com,64.5,154.2
백경수,57,단양군,남,1921-11-13,user9414@daum.net,67.8,152.9
양건우,58,영동군,여,1918-07-12,user4665@naver.com,64.8,177.9
이도현,78,부여군,남,1928-07-09,user3172@naver.com,69.7,162.2
김정훈,55,안성시,남,1954-05-25,user5516@naver.com,62.3,151.0
양경수,53,고양시,남,1952-08-06,user8104@naver.com,61.0,178.6
이정웅,36,성남시,남,1977-03-03,user5254@google.com,52.7,155.5
장혜진,46,구리시,여,1940-10-01,user800@naver.com,64.6,159.2
최민서,32,양양군,남,1911-06-02,user1174@naver.com,55.7,173.0
이현지,76,홍성군,남,1941-04-17,user6889@naver.com,66.6,156.2
이은주,56,홍천군,여,1948-10-29,user1050@daum.net,50.3,174.6
권은경,62,광명시,남,1926-04-21,user7069@naver.com,58.3,168.4
박현준,51,안양시 동안구,여,1951-05-03,user2550@naver.com,70.2,169.8
김준혁,69,고양시 일산서구,여,1911-01-21,user3564@daum.net,63.7,160.8
하수빈,29,홍성군,여,1980-07-22,user5272@naver.com,68.5,177.1
박선영,20,성남시,여,1908-09-03,user8202@google.com,51.5,160.2
박예은,53,양구군,여,1910-04-08,user2962@daum.net,68.1,179.2
강현주,75,수원시,여,1938-08-29,user7857@naver.com,78.3,172.9
최동현,25,고양시 일산동구,남,1966-02-01,user1053@google.com,56.7,150.8
이우진,36,서천군,남,1948-03-11,user7708@google.com,66.2,156.1
윤예지,44,용인시 기흥구,남,1911-12-22,user6319@google.com,61.6,150.8
이서윤,21,태백시,남,1917-01-16,user7264@google.com,78.4,159.0
박예준,75,파주시,남,1927-01-01,user938@google.com,71.4,167.8
최현정,48,청주시 청원구,남,1964-03-24,user6432@google.com,71.7,154.8
박순옥,58,수원시 영통구,남,1931-10-18,user9909@daum.net,72.8,153.5
한도현,28,양양군,여,1938-01-11,user5505@daum.net,53.5,162.4
박옥자,46,양구군,여,1953-12-02,user614@google.com,51.2,150.6
김정호,79,부천시,남,1926-07-22,user5626@daum.net,64.4,177.7
장영미,39,금산군,남,1915-04-16,user8837@daum.net,60.2,156.8
남영수,71,고양시 덕양구,남,1911-03-25,user5899@naver.com,55.2,173.8
강건우,30,동해시,남,1941-03-28,user4273@naver.com,60.4,176.1
허준호,37,김포시,남,1949-03-07,user2936@google.com,53.2,176.3
박지우,42,광주시,남,1959-05-25,user6626@naver.com,54.5,165.0
김은서,77,연천군,여,1939-09-04,user2249@daum.net,70.6,156.0
유지은,51,연천군,남,1970-01-06,user4449@naver.com,79.8,156.0
이유진,23,태안군,남,1987-09-22,user799@google.com,69.1,154.1
이상현,64,횡성군,남,1950-01-20,user3758@naver.com,70.2,174.2
황건우,46,속초시,남,1976-08-31,user794@daum.net,65.4,168.1
김정순,48,양양군,여,1925-01-01,user63@daum.net,79.1,175.6
이정자,43,수원시 영통구,여,1945-05-29,user2965@daum.net,64.4,151.3
이우진,24,춘천시,남,1984-11-01,user8313@naver.com,55.8,152.2
한상현,30,음성군,남,1945-01-02,user5625@google.com,59.6,167.7
이유진,38,의정부시,남,1968-04-04,user1543@google.com,65.1,178.8
홍준혁,39,청주시 청원구,여,1948-02-26,user5556@naver.com,63.9,170.9
김경자,69,철원군,남,1931-04-08,user6642@google.com,64.6,156.8
장시우,72,안양시 만안구,남,1936-06-11,user7792@naver.com,52.3,163.4
윤준영,28,수원시,남,1947-12-30,user9342@google.com,78.7,169.0
오상호,24,증평군,여,1948-06-21,user2135@daum.net,60.8,158.1
고정희,53,양평군,여,1954-10-31,user7893@daum.net,55.5,162.7
최성진,42,인제군,여,1959-02-11,user7995@google.com,64.4,161.6
최영호,55,평택시,여,1939-07-03,user9722@daum.net,65.8,166.6
김재호,73,당진시,남,1916-03-15,user8543@naver.com,79.8,169.8
이성훈,57,수원시 권선구,여,1927-10-15,user1587@daum.net,77.9,170.5
이상훈,74,서산시,남,1926-04-09,user6781@google.com,51.7,157.1
송유진,79,천안시 서북구,여,1912-09-28,user6617@naver.com,64.2,165.2
주영수,61,홍성군,남,1933-05-28,user3860@naver.com,56.9,176.1
안재현,68,부천시,남,1931-07-25,user8074@daum.net,64.1,174.6
장예준,64,고양시,남,1939-03-16,user4466@daum.net,62.1,168.1
정지훈,56,청주시 청원구,남,1911-08-14,user3529@daum.net,67.8,166.2
이정식,77,양주시,남,1940-05-30,user6679@daum.net,72.0,159.6
이도윤,34,안양시,남,1975-08-29,user9869@naver.com,56.5,168.8
강민지,72,고양시 일산동구,남,1933-04-30,user6262@daum.net,66.9,157.7
김현주,48,홍천군,남,1952-07-15,user1922@naver.com,74.9,178.9
박정남,36,용인시 처인구,남,1940-03-24,user8144@naver.com,62.2,160.8
박성현,73,예산군,여,1912-07-01,user225@google.com,53.3,178.7
손건우,38,천안시 서북구,여,1979-01-18,user4942@naver.com,69.1,167.2
이혜진,32,군포시,여,1933-09-14,user7748@google.com,77.2,173.4
김옥자,38,성남시 분당구,여,1932-10-26,user6564@naver.com,76.1,159.8
민예지,61,용인시 기흥구,여,1961-12-24,user1371@google.com,79.7,153.8
서서연,77,천안시 동남구,여,1931-02-18,user3931@google.com,76.1,171.3
최윤서,45,안산시 단원구,남,1965-07-22,user6404@daum.net,61.0,167.3
김숙자,59,안성시,남,1937-02-11,user9017@google.com,67.2,163.8
이재호,76,논산시,남,1928-09-29,user3263@naver.com,78.1,154.5
홍지현,60,보령시,남,1912-10-14,user9130@daum.net,51.5,152.3
박예은,58,예산군,남,1961-02-27,user9244@google.com,53.8,167.6
조경희,41,안양시 만안구,여,1954-04-17,user3262@naver.com,61.9,158.6
강현우,61,홍천군,남,1911-03-03,user2961@naver.com,63.6,162.9
김진우,36,금산군,남,1987-10-05,user8042@google.com,64.7,161.0
황정식,67,태안군,남,1950-09-27,user605@google.com,53.6,159.0
김진우,67,안산시,여,1945-10-02,user2069@google.com,77.7,163.4
박병철,48,용인시 기흥구,여,1970-03-19,user9833@daum.net,72.0,175.1
전정자,35,부여군,여,1934-06-17,user2482@google.com,55.2,178.8
최명숙,34,가평군,남,1910-10-13,user6628@google.com,52.7,178.1
이정웅,28,진천군,여,1943-02-11,user3803@naver.com,63.3,163.5
이진우,42,의정부시,여,1951-10-26,user4914@daum.net,75.4,179.5
곽영길,56,정선군,여,1912-02-13,user5458@google.com,56.5,178.4
오수빈,55,제천시,남,1958-08-25,user7663@daum.net,60.4,161.3
황영순,30,서산시,남,1977-07-29,user8572@google.com,74.6,158.2
황지후,27,천안시 동남구,남,1960-06-28,user3772@daum.net,77.6,171.4
박경자,63,의정부시,여,1912-07-14,user9566@google.com,55.3,176.8
박민수,27,보령시,여,1915-06-07,user1323@naver.com,75.9,150.4
양현준,23,성남시 분당구,남,1970-02-08,user5898@naver.com,75.9,158.8
이민준,68,청주시 흥덕구,남,1948-08-18,user3073@google.com,79.5,171.5
홍수진,67,하남시,남,1917-06-29,user8506@naver.com,78.3,158.0
송상철,61,남양주시,여,1950-10-29,user2288@daum.net,68.9,178.1
김중수,51,충주시,남,1951-06-30,user8625@daum.net,66.3,167.6
고지우,71,이천시,여,1917-05-01,user7542@naver.com,73.2,157.1
김영희,55,논산시,여,1951-12-02,user286@daum.net,79.6,161.6
윤미숙,61,양구군,여,1931-10-02,user1853@naver.com,66.9,152.7
권진우,32,정선군,남,1909-05-28,user7964@naver.com,79.4,178.5
노정희,32,보령시,여,1955-09-25,user6999@daum.net,53.8,154.0
김성호,30,평택시,여,1939-03-21,user259@daum.net,65.4,169.6
이윤서,28,안성시,남,1963-04-10,user9749@naver.com,73.6,154.8
최지영,80,태안군,남,1910-12-03,user6831@daum.net,76.2,172.6
문채원,20,부여군,남,1959-05-26,user7449@daum.net,68.3,168.8
박종수,48,원주시,여,1965-12-12,user2621@naver.com,58.5,169.4
김주원,59,서산시,여,1931-11-29,user6110@daum.net,78.4,156.5
이영순,40,금산군,여,1948-05-29,user1721@daum.net,71.3,151.1
권은정,74,청양군,여,1911-03-04,user8081@google.com,71.8,174.5
김상철,44,안양시 동안구,여,1946-09-14,user5812@naver.com,79.5,173.9
김옥자,57,평창군,여,1938-03-21,user6978@naver.com,68.3,154.8
황미숙,75,양평군,여,1914-10-13,user1780@google.com,52.9,176.2
안명자,30,부천시 오정구,여,1980-09-03,user3501@naver.com,65.1,176.8
김미정,64,과천시,여,1925-06-03,user1446@daum.net,52.6,163.9
김진우,21,수원시 영통구,남,1911-03-14,user3241@naver.com,78.7,164.7
김민준,33,수원시 영통구,남,1948-04-12,user2236@naver.com,67.4,163.1
이영진,53,영동군,남,1909-03-24,user9580@daum.net,66.7,160.7
장경숙,49,홍천군,여,1963-08-19,user399@daum.net,59.4,174.5
이혜진,40,화천군,남,1951-06-26,user9549@google.com,79.0,151.3
곽진우,60,김포시,여,1958-01-19,user7333@daum.net,60.5,152.4
강정남,25,성남시 수정구,여,1955-03-05,user3346@naver.com,78.7,150.6
박현정,50,청양군,여,1969-05-27,user4373@google.com,71.8,164.4
이지훈,62,천안시 서북구,여,1939-05-18,user9156@google.com,66.7,162.3
김민지,53,수원시 영통구,여,1965-09-18,user8218@google.com,62.4,169.3
김예진,51,성남시 분당구,남,1915-10-11,user7593@naver.com,75.9,165.9
장준혁,63,구리시,남,1937-12-22,user9831@google.com,56.5,178.1
김정남,53,서천군,남,1920-11-19,user8710@naver.com,77.0,156.0
노정희,33,시흥시,남,1950-08-30,user4341@daum.net,51.5,150.0
김현주,58,청양군,여,1962-06-24,user3105@daum.net,78.8,171.3
황정수,22,가평군,남,1969-07-02,user8845@google.com,76.0,171.4
류지훈,71,성남시 중원구,남,1948-04-14,user5456@daum.net,69.6,176.1
최예원,53,부천시 원미구,남,1923-08-13,user6073@naver.com,55.1,172.5
김영미,20,하남시,남,1976-08-23,user6872@google.com,50.9,180.0
박영환,31,용인시 기흥구,남,1923-09-29,user6084@naver.com,54.3,170.2
허주원,37,안양시 동안구,남,1915-11-08,user2635@google.com,63.9,171.0
오상철,32,인제군,남,1914-08-07,user2140@naver.com,66.3,168.7
윤영순,36,진천군,남,1947-10-20,user9084@naver.com,60.5,153.8
류준서,33,춘천시,남,1916-01-23,user822@daum.net,70.6,166.2
고현지,57,청주시 흥덕구,남,1936-11-21,user4605@daum.net,72.3,168.4
김숙자,57,영월군,여,1946-06-12,user2454@naver.com,63.3,176.9
이영식,29,용인시 기흥구,남,1913-11-14,user7921@google.com,73.4,179.7
이영식,59,옥천군,여,1961-09-29,user7106@naver.com,63.6,164.5
박진우,39,안양시 동안구,여,1977-09-30,user2963@google.com,72.4,161.0
김우진,25,아산시,여,1951-07-14,user6700@naver.com,73.4,178.1
송채원,68,태안군,남,1949-03-12,user8170@daum.net,64.0,153.3
김경수,52,수원시 장안구,남,1923-05-25,user9736@naver.com,67.7,177.9
박성훈,63,정선군,여,1935-10-15,user7380@google.com,79.8,170.8
최은지,74,계룡시,여,1940-08-29,user2965@naver.com,61.8,157.2
김미영,24,의정부시,남,1992-02-27,user4824@daum.net,61.9,169.2
김영미,44,안산시,여,1909-01-08,user7643@google.com,73.2,166.7
성수민,31,천안시 동남구,여,1915-10-20,user3387@google.com,76.5,176.4
서영순,37,양주시,남,1917-08-28,user6072@naver.com,57.7,175.4
박윤서,48,양평군,여,1940-03-13,user462@google.com,64.4,169.5
곽광수,31,수원시,남,1974-03-15,user7170@daum.net,72.8,152.8
김명자,48,청주시 흥덕구,남,1970-11-04,user3239@google.com,61.9,151.3
김서준,24,여주시,여,1913-04-16,user3065@daum.net,61.2,151.3
박영희,54,구리시,여,1937-10-17,user9584@google.com,60.9,172.0
김예지,64,서천군,여,1931-07-06,user6405@naver.com,64.3,151.3
장병철,47,안산시 단원구,여,1923-01-11,user787@daum.net,52.0,150.4
김재호,59,안산시,여,1909-06-07,user2343@naver.com,74.0,163.0
김건우,72,영월군,여,1909-08-31,user7977@daum.net,68.1,154.6
최은경,24,성남시 분당구,남,1953-12-26,user780@naver.com,55.3,173.1
최지훈,43,태백시,여,1967-06-27,user8881@google.com,77.4,169.1
김재호,40,과천시,남,1915-08-23,user3514@naver.com,69.2,167.0
이하윤,31,의정부시,남,1948-07-24,user6053@naver.com,56.6,165.9
김지연,61,홍성군,여,1925-10-31,user1591@naver.com,53.7,167.8
문영자,26,양주시,여,1943-12-09,user8343@google.com,79.2,172.6
서정훈,61,음성군,여,1929-07-29,user8636@daum.net,63.7,152.0
이재호,39,양평군,남,1969-12-22,user7281@naver.com,74.5,150.2
김정희,38,증평군,남,1957-09-30,user4133@google.com,74.7,153.5
박옥자,66,고양시 덕양구,여,1933-02-26,user9557@naver.com,50.2,168.6
차지원,76,청주시 흥덕구,남,1910-04-15,user9174@daum.net,59.6,160.9
김성민,22,태안군,여,1915-07-23,user7678@naver.com,60.8,163.3
박성민,37,평창군,여,1925-01-02,user5517@daum.net,56.1,159.2
임지후,40,수원시 권선구,여,1933-07-14,user25@daum.net,55.7,156.1
송영환,52,횡성군,여,1962-11-27,user4770@google.com,50.8,158.7
김은정,51,음성군,남,1911-07-09,user7394@daum.net,58.6,163.8
김성현,56,속초시,여,1913-05-25,user8874@daum.net,61.6,174.4
고영자,43,안양시,여,1921-02-10,user7801@google.com,65.7,160.4
성춘자,41,정선군,여,1956-05-25,user6829@daum.net,68.8,166.2
김민서,75,안양시 만안구,여,1941-05-11,user4205@daum.net,60.9,166.0
이정웅,39,보령시,여,1920-07-01,user5601@daum.net,69.5,159.8
이시우,68,부여군,남,1954-05-21,user8677@naver.com,68.9,169.5
배시우,43,안양시 동안구,남,1914-06-18,user3382@naver.com,67.1,168.4
김지우,57,수원시 장안구,여,1957-04-25,user9484@daum.net,52.8,176.0
이순자,31,남양주시,여,1916-08-12,user4812@google.com,57.4,178.4
박광수,76,고성군,여,1937-03-28,user3638@naver.com,78.1,178.7
장지후,74,수원시 팔달구,여,1908-11-30,user4218@daum.net,54.6,159.5
이정수,73,화천군,남,1932-03-22,user8570@google.com,53.3,160.0
김예준,69,오산시,남,1917-05-30,user8506@google.com,71.9,163.6
허지혜,56,속초시,여,1930-06-23,user3443@daum.net,56.6,163.9
서건우,31,서산시,여,1987-09-28,user7071@daum.net,64.8,159.8
오민준,69,평창군,여,1916-05-14,user9727@google.com,54.2,153.6
김민수,47,아산시,남,1957-01-29,user7625@google.com,50.6,159.8
이미정,73,예산군,여,1929-04-05,user2626@naver.com,69.4,173.5
김지우,59,군포시,여,1925-12-31,user8685@daum.net,53.8,168.2
오옥순,70,광주시,남,1940-10-05,user3979@naver.com,54.8,155.2
박보람,26,동해시,여,1954-06-04,user3544@naver.com,53.3,170.0
조승현,63,충주시,남,1936-06-28,user6794@daum.net,60.9,154.2
김종수,72,예산군,남,1940-06-24,user5499@naver.com,67.6,172.7
김지우,21,오산시,남,1985-09-21,user7900@naver.com,68.4,171.0
박주원,78,청주시 흥덕구,남,1945-09-09,user6452@naver.com,61.9,156.2
성정웅,64,정선군,여,1957-06-05,user3733@google.com,64.2,163.9
유서윤,42,청주시 상당구,남,1908-03-07,user5578@google.com,61.1,160.5
한병철,22,고양시 덕양구,남,1971-04-09,user704@naver.com,76.4,152.9
김정호,33,가평군,남,1945-02-27,user8960@daum.net,60.5,156.6
성지현,43,고양시 덕양구,여,1950-07-23,user9557@daum.net,50.9,166.2
엄도윤,23,이천시,남,1978-08-09,user8353@naver.com,76.9,169.1
심수민,54,부천시 소사구,남,1959-07-08,user6133@google.com,66.9,165.0
배서영,58,양평군,여,1914-02-15,user9843@daum.net,76.6,158.7
김미경,73,청주시 서원구,여,1918-06-12,user8020@naver.com,51.8,151.7
이성민,39,동두천시,여,1955-05-02,user7695@google.com,70.0,159.3
최정훈,55,파주시,여,1928-04-03,user253@naver.com,74.8,155.4
강예준,38,수원시 영통구,남,1915-12-05,user8688@google.com,57.8,163.8
민승현,59,안산시,여,1911-02-08,user8136@naver.com,74.9,156.1
유민수,51,성남시 중원구,여,1938-10-23,user6960@daum.net,63.4,153.0
진명숙,44,안산시 상록구,여,1938-08-26,user2217@daum.net,54.2,171.1
이지원,74,양평군,남,1941-08-26,user3769@google.com,79.9,152.1
박영길,78,여주시,남,1922-02-18,user3902@daum.net,73.1,173.5
이준서,32,청주시 상당구,여,1915-07-10,user7364@daum.net,73.2,169.5
김승민,43,남양주시,남,1928-06-29,user8069@naver.com,75.2,155.6
장민준,55,동해시,여,1912-11-08,user6489@daum.net,59.9,162.3
한시우,76,부여군,여,1919-01-19,user723@daum.net,57.2,154.9
이민준,61,삼척시,남,1909-08-30,user2019@naver.com,55.1,159.3
권옥자,80,서천군,남,1919-07-19,user3563@naver.com,68.0,155.5
이숙자,71,남양주시,남,1941-04-14,user6690@naver.com,67.7,170.5
김경숙,40,성남시 중원구,남,1960-03-26,user1808@naver.com,71.1,166.7
윤현우,39,진천군,여,1979-08-23,user9797@daum.net,63.8,177.4
윤은지,59,안양시,여,1937-01-31,user8300@naver.com,51.2,163.9
김옥자,80,용인시,남,1943-04-26,user370@google.com,55.4,169.1
박예준,74,가평군,남,1947-12-23,user9771@daum.net,67.5,166.4
박정호,68,삼척시,남,1923-01-01,user8910@google.com,73.8,160.3
류동현,77,부천시,여,1915-06-24,user7561@daum.net,60.3,158.3
김지후,21,부천시,여,1976-01-15,user969@google.com,51.4,157.0
최서준,74,의정부시,남,1946-08-11,user8267@google.com,62.1,162.5
조민석,79,의정부시,여,1926-03-15,user747@google.com,62.5,150.2
최정숙,72,포천시,남,1930-05-04,user1487@google.com,51.3,155.8
김미영,44,화성시,여,1967-04-02,user7702@daum.net,61.5,177.3
이정순,40,남양주시,여,1912-08-05,user3660@google.com,52.3,171.7
김순옥,34,평택시,남,1928-12-11,user2867@naver.com,54.0,155.6
황하은,59,안양시 동안구,여,1955-05-01,user6981@daum.net,54.7,157.4
김서연,80,증평군,여,1930-09-21,user4606@naver.com,57.3,170.1
이민재,37,양주시,남,1979-02-17,user3322@daum.net,78.1,177.3
권영철,68,청양군,여,1945-02-11,user3429@daum.net,77.3,151.9
김은영,25,수원시 권선구,여,1921-05-06,user4883@daum.net,52.1,167.9
이정식,59,의왕시,여,1947-06-06,user9258@daum.net,75.3,169.7
손보람,30,안양시 동안구,여,1988-07-22,user2809@google.com,74.3,163.5
이현주,40,속초시,남,1923-03-17,user638@daum.net,74.4,173.6
백유진,42,부천시,남,1971-08-29,user6720@daum.net,54.6,178.9
김지아,53,양주시,여,1947-09-16,user6764@daum.net,51.7,177.8
오영자,48,수원시 장안구,남,1910-04-01,user3865@google.com,52.7,167.6
이성수,27,성남시 분당구,여,1948-01-10,user9321@google.com,54.5,175.9
김지현,57,광명시,남,1915-10-07,user2259@daum.net,73.0,174.1
심경숙,72,남양주시,남,1928-11-17,user3120@naver.com,51.1,157.5
김은서,80,가평군,여,1939-10-07,user2850@naver.com,76.3,176.7
양보람,55,이천시,남,1945-12-09,user8173@naver.com,53.1,179.1
권건우,65,용인시 처인구,남,1925-06-16,user811@naver.com,62.4,166.5
김진우,60,고양시 일산서구,여,1908-07-22,user4067@naver.com,62.5,175.4
김순옥,38,부천시 오정구,여,1908-01-29,user9132@naver.com,78.8,164.3
강지민,66,영동군,남,1912-06-04,user776@naver.com,54.2,162.8
백수진,70,천안시 서북구,남,1917-08-10,user4242@naver.com,80.0,157.7
김예지,52,속초시,여,1927-05-14,user3252@google.com,57.2,171.6
김성진,73,연천군,여,1920-10-03,user893@google.com,54.6,154.7
이경수,57,광명시,남,1966-03-14,user4458@naver.com,53.2,169.0
이현준,44,논산시,남,1935-05-14,user5110@daum.net,77.6,154.5
이정자,69,안양시 만안구,남,1944-05-10,user643@google.com,70.1,177.5
권서연,57,용인시,남,1916-10-15,user7528@naver.com,53.9,168.1
이도윤,32,서천군,남,1990-11-16,user1405@naver.com,65.8,152.2
김정호,35,수원시 팔달구,여,1909-12-04,user235@google.com,55.8,166.5
김민석,27,보은군,남,1934-08-05,user2280@naver.com,50.1,177.2
전순옥,61,수원시 권선구,여,1915-12-14,user8291@google.com,52.4,160.1
최도현,69,음성군,여,1936-09-17,user754@daum.net,63.4,178.9
임현우,60,이천시,남,1911-08-25,user9671@daum.net,51.1,167.8
박정수,36,양구군,여,1910-11-04,user2379@naver.com,56.3,151.9
김은주,37,횡성군,여,1940-03-16,user6527@google.com,72.1,161.9
이준서,52,용인시,여,1955-08-04,user1828@daum.net,56.9,165.7
최은영,32,남양주시,남,1932-04-30,user1718@naver.com,59.5,164.0
김성수,31,강릉시,여,1924-05-05,user8379@naver.com,61.7,158.5
김미경,60,의왕시,여,1957-10-11,user1428@daum.net,71.2,179.0
고예원,68,이천시,여,1921-12-25,user4326@daum.net,61.3,152.7
안중수,59,구리시,남,1941-11-23,user9395@daum.net,67.5,178.3
윤현숙,60,계룡시,여,1963-03-01,user2147@google.com,70.1,175.9
김성수,53,안산시 상록구,여,1920-10-28,user9958@daum.net,68.2,172.9
주상훈,70,강릉시,여,1910-12-24,user7940@naver.com,63.4,175.6
박성민,52,수원시 팔달구,여,1958-12-25,user1909@daum.net,65.3,161.1
김도현,61,양구군,여,1955-07-14,user198@google.com,78.6,167.1
김예준,38,보은군,남,1927-12-17,user5494@naver.com,63.3,163.8
김은지,46,수원시 팔달구,여,1936-01-03,user9541@naver.com,76.0,152.9
이영식,36,옥천군,여,1932-12-26,user3908@google.com,73.5,171.4
박재현,79,춘천시,남,1941-12-10,user2089@naver.com,58.2,168.3
박서연,69,가평군,여,1929-08-03,user9083@naver.com,71.4,171.1
박선영,58,청주시 흥덕구,남,1955-08-25,user9748@google.com,74.2,165.1
김미영,57,원주시,남,1908-09-04,user6413@daum.net,54.0,150.8
김준혁,62,예산군,여,1939-08-21,user4111@google.com,56.1,162.8
오지현,22,강릉시,남,1992-10-16,user2643@google.com,52.9,158.9
박동현,80,충주시,남,1930-03-07,user5873@daum.net,74.2,174.1
이예준,70,부천시,여,1911-05-14,user3417@naver.com,77.8,157.9
손미영,35,태안군,남,1912-10-14,user3923@daum.net,73.3,179.7
홍정식,21,안양시 동안구,남,1949-04-21,user3833@google.com,70.8,178.8
윤정희,25,성남시 중원구,여,1927-06-02,user507@google.com,79.4,156.9
박도현,48,계룡시,여,1944-08-19,user2590@daum.net,60.9,175.6
박수진,61,인제군,여,1919-07-24,user5826@google.com,67.1,154.7
김성현,40,평택시,여,1973-06-13,user3384@naver.com,70.1,179.9
오서윤,49,고양시,여,1942-10-07,user1746@daum.net,66.1,178.7
윤시우,62,고성군,남,1932-07-23,user7384@google.com,64.0,152.4
박중수,62,정선군,여,1934-07-09,user693@daum.net,53.6,168.7
이승민,57,수원시 장안구,남,1953-01-16,user1059@naver.com,50.1,155.9
배영수,20,성남시,남,1917-05-12,user1326@daum.net,59.4,165.2
박우진,23,옥천군,여,1999-01-26,user4424@daum.net,57.4,171.2
김지은,79,성남시 분당구,여,1924-11-25,user6221@google.com,62.1,163.5
김상호,77,하남시,여,1929-11-19,user8189@google.com,51.8,176.1
박순자,63,동해시,남,1956-06-25,user9128@daum.net,51.4,162.6
양수진,26,성남시 중원구,남,1989-12-15,user3862@google.com,50.0,152.5
김민준,57,구리시,남,1966-08-15,user8476@naver.com,79.8,159.5
이지후,27,청주시 서원구,남,1950-03-23,user5393@daum.net,72.3,164.1
김하윤,44,수원시 권선구,남,1959-05-17,user8391@daum.net,53.0,158.8
이서현,34,충주시,남,1980-02-23,user9250@google.com,62.1,162.8
김영숙,59,포천시,여,1919-03-26,user4342@google.com,74.6,151.8
최서영,49,안산시 상록구,남,1929-08-26,user9113@naver.com,73.3,157.9
장정호,65,성남시 중원구,남,1920-04-15,user6151@naver.com,60.4,160.6
이준호,54,속초시,여,1963-02-20,user1961@naver.com,58.7,158.2
강중수,79,김포시,남,1938-11-03,user6167@daum.net,54.7,169.0
김채원,32,성남시 중원구,남,1970-08-09,user9348@naver.com,52.2,156.9
최옥순,43,속초시,여,1913-01-12,user3793@daum.net,79.5,153.4
김수진,53,동두천시,여,1912-08-31,user385@naver.com,64.5,175.2
이현정,69,영월군,여,1926-06-09,user9886@google.com,67.9,156.6
장영환,40,안성시,남,1942-01-24,user6364@google.com,78.4,177.4
김예준,25,수원시 권선구,여,1910-10-23,user3833@google.com,53.3,156.9
이정훈,55,부천시 소사구,여,1968-06-10,user3142@daum.net,74.5,174.3
허혜진,45,공주시,여,1917-09-19,user2079@google.com,53.7,153.5
이지혜,69,성남시 분당구,여,1923-12-23,user6897@naver.com,66.0,170.6
정상훈,33,의왕시,여,1934-03-28,user5316@daum.net,74.1,168.1
고병철,69,구리시,여,1914-06-23,user1251@google.com,77.5,164.7
이지원,48,강릉시,여,1967-01-03,user152@daum.net,61.0,170.2
홍미숙,77,고양시 일산서구,여,1928-02-19,user7388@naver.com,77.3,175.4
이서영,38,성남시 분당구,남,1941-01-22,user9673@google.com,52.5,172.2
김성민,69,수원시 장안구,여,1925-10-28,user2524@google.com,53.1,155.2
이영숙,61,고양시 일산서구,여,1943-10-30,user8927@naver.com,70.6,178.4
이예준,46,안양시,여,1964-01-02,user6766@naver.com,75.9,170.7
김영호,26,인제군,남,1958-04-27,user1040@google.com,51.5,160.3
황도윤,57,공주시,여,1926-09-23,user1947@daum.net,79.9,165.8
강준호,33,부천시 오정구,남,1988-09-22,user5463@naver.com,79.8,156.7
박준혁,50,춘천시,여,1941-08-22,user1366@daum.net,71.2,150.7
김지후,23,진천군,남,1986-05-28,user1336@daum.net,53.9,163.7
박상호,79,동해시,남,1943-07-07,user7312@daum.net,56.1,179.3
손상철,75,천안시 동남구,남,1918-02-11,user4980@google.com,67.2,156.8
최예준,62,안양시 동안구,남,1960-08-14,user3760@google.com,61.5,154.5
김진우,64,보은군,여,1946-12-28,user4143@google.com,67.2,179.8
주경수,77,양평군,여,1930-12-31,user5546@daum.net,56.1,164.3
김지혜,72,과천시,여,1942-07-16,user6009@daum.net,63.2,171.6
이성수,44,청주시 서원구,남,1914-11-14,user7200@google.com,75.4,177.1
최중수,80,청주시 상당구,남,1920-04-26,user3393@daum.net,73.4,179.7
김영순,35,계룡시,여,1944-03-26,user7354@daum.net,61.6,151.1
최정남,62,당진시,여,1953-01-09,user2632@daum.net,72.6,156.5
박영호,22,고양시 덕양구,남,1997-10-12,user9863@daum.net,71.1,174.2
박성현,45,삼척시,여,1915-03-30,user3221@google.com,68.0,164.6
최종수,41,당진시,여,1920-07-10,user2619@naver.com,74.3,172.5
박성수,61,과천시,남,1936-05-03,user1297@google.com,70.0,172.7
박민수,43,홍성군,여,1929-01-26,user663@daum.net,50.3,157.0
김민수,42,가평군,여,1933-03-17,user3905@naver.com,74.6,161.0
김성호,21,화천군,남,1965-01-21,user919@google.com,78.6,155.3
강현주,74,연천군,여,1916-11-05,user3643@daum.net,56.1,150.4
이은지,72,춘천시,여,1927-05-21,user687@google.com,76.0,169.3
김민준,61,안양시,여,1957-09-12,user1376@naver.com,50.5,159.8
김춘자,67,연천군,여,1931-04-28,user44@daum.net,64.4,164.8
김지현,78,청주시 흥덕구,남,1926-02-14,user4546@google.com,51.1,156.9
김영희,55,용인시 기흥구,여,1963-05-21,user615@daum.net,56.4,173.8
이도윤,21,삼척시,남,1915-11-27,user6282@naver.com,78.0,175.9
민지원,28,계룡시,여,1982-11-17,user2482@google.com,71.3,157.9
김정숙,49,부여군,남,1926-01-20,user5056@daum.net,65.9,153.9
윤지혜,58,증평군,남,1916-05-24,user4575@naver.com,50.2,162.8
고정수,26,수원시 영통구,여,1940-08-20,user6384@daum.net,75.2,159.2
김준호,47,안양시 만안구,여,1953-01-12,user8831@naver.com,77.2,157.4
김경자,50,여주시,남,1942-08-14,user1345@naver.com,53.2,162.6
김영진,68,괴산군,남,1935-12-18,user1823@daum.net,60.4,163.0
이영수,58,청주시 흥덕구,여,1963-03-01,user1155@naver.com,55.0,158.3
김민수,23,철원군,여,1942-04-22,user8152@daum.net,52.9,154.5
전영수,21,수원시 권선구,여,1989-02-25,user1757@daum.net,77.1,160.2
이영호,76,청양군,여,1915-03-29,user3771@naver.com,73.8,161.1
이미경,78,아산시,남,1930-01-20,user8934@naver.com,69.7,172.9
김중수,32,수원시 팔달구,여,1930-10-12,user2559@naver.com,75.1,172.2
진준혁,70,부여군,여,1943-12-02,user8371@naver.com,76.3,171.0
이윤서,25,화천군,남,1964-01-25,user8536@naver.com,69.8,161.7
권영수,41,시흥시,남,1913-07-07,user4893@google.com,67.2,169.4
김영미,71,의왕시,남,1921-05-20,user8159@google.com,62.8,173.5
이현준,32,광명시,여,1959-12-20,user2659@naver.com,54.6,161.4
안영희,75,춘천시,남,1945-10-26,user3934@daum.net,76.1,150.3
홍지원,74,영동군,여,1940-05-12,user5440@google.com,67.9,169.8
김영철,32,서산시,남,1911-06-25,user3482@naver.com,77.2,165.7
박지원,56,예산군,여,1967-06-07,user3131@naver.com,75.3,163.6
이영환,35,청주시 상당구,남,1912-10-08,user8788@naver.com,71.3,173.8
이영호,65,양평군,여,1929-04-16,user7854@google.com,56.2,158.8
이지연,38,홍성군,여,1980-04-29,user6612@google.com,59.0,168.5
김지은,79,단양군,여,1937-10-13,user415@google.com,71.7,155.0
이서윤,42,서천군,남,1918-06-26,user661@google.com,62.5,172.4
문예지,71,인제군,여,1948-10-07,user1687@google.com,66.9,153.6
김현준,35,삼척시,남,1942-02-23,user4209@daum.net,51.8,158.8
문은지,67,고양시 일산동구,남,1950-01-01,user2625@naver.com,63.3,168.7
양준호,49,용인시,남,1961-08-27,user1244@naver.com,60.1,151.7
김옥자,32,가평군,여,1988-07-13,user3578@google.com,56.4,172.5
권은지,46,용인시,남,1935-12-29,user9397@daum.net,66.1,163.5
문상호,54,양구군,여,1908-12-25,user8921@naver.com,76.8,175.5
손민준,78,옥천군,여,1935-12-21,user8197@naver.com,63.2,161.7
김순옥,62,시흥시,여,1939-09-16,user7830@naver.com,60.5,151.3
이정숙,60,인제군,남,1920-05-18,user3425@google.com,59.5,153.1
최하윤,47,동두천시,남,1926-09-29,user9098@google.com,59.4,179.7
오하은,34,파주시,여,1979-08-16,user7770@naver.com,62.9,166.3
이혜진,68,부천시,여,1912-08-15,user7589@google.com,61.5,157.6
최은서,50,고양시 일산서구,여,1962-12-07,user1707@google.com,59.5,170.0
김지영,35,철원군,남,1942-12-19,user9847@google.com,53.3,169.3
윤정수,43,동두천시,남,1973-10-11,user9062@daum.net,52.3,164.8
이은서,80,수원시 팔달구,여,1921-06-03,user5698@daum.net,70.8,153.5
서현우,25,청주시 흥덕구,여,1985-07-28,user9630@daum.net,58.3,157.5
김성현,44,안성시,남,1930-12-11,user6726@google.com,74.4,166.2
김성수,31,횡성군,여,1982-07-31,user9424@daum.net,60.3,163.1
이성민,33,수원시 장안구,남,1953-06-07,user1962@naver.com,76.2,151.3
김승현,28,보은군,여,1969-12-06,user6643@google.com,68.5,170.9
이춘자,54,청주시 청원구,여,1931-06-05,user579@daum.net,74.9,171.9
김지우,62,청주시 청원구,여,1926-04-14,user5130@google.com,76.2,169.7
배재현,21,시흥시,여,1920-07-02,user4011@daum.net,62.4,169.5
김현주,73,안성시,남,1935-01-11,user7545@naver.com,57.2,160.5
